"{""name"": ""observe_scene"", ""args"": {""step"": 1.0}}","This analysis is based on the single provided image, which represents the current state of the scene. Since no previous images are available, a direct temporal comparison across multiple images is not possible. Instead, the analysis will focus on the current state in relation to the stated goal of matching a *reference image* (which is implicitly understood to show a characteristic T-72 gun barrel with features not present in the current scene).

---

**Temporal Analysis:**

1.  **What changes are visible in the scene across these images?**
    As only one image is provided, no changes across multiple images can be observed. The current image displays a silhouette of a T-72 tank in profile, rendered in a uniform light grey against a black background. The gun barrel is a prominent feature, extending horizontally from the turret.

2.  **How have our recent actions affected the scene?**
    Without a prior state image, we cannot definitively describe recent actions. However, given the current appearance of the gun barrel, it is likely that the basic mesh or model of the T-72 has been imported or positioned in the scene. The gun barrel currently appears as a simple, smooth cylinder. If previous actions were aimed at refining the barrel, they have either not yet added specific T-72 features, or they have only established the fundamental shape.

3.  **What progression do you see towards our goal?**
    The goal is to make the gun barrel match a reference image, implying the current state does not yet match. The current progression is that a gun barrel is present on the T-72 model in the scene. Its basic length and position seem appropriate. However, it *lacks* the distinct features typically associated with a T-72 gun barrel, such as a thermal sleeve and a bore evacuator. Therefore, while the tank and its barrel are in the scene, there is still significant work to be done to match the expected detail of a T-72 barrel.

4.  **What modifications still need to be made?**
    Based on the common characteristics of a T-72 gun barrel and the implication that the current barrel does not match the (unseen) reference, the following modifications are still needed:
    *   **Add a Thermal Sleeve:** The T-72 main gun (125mm 2A46 smoothbore) is characterized by a prominent thermal sleeve that covers a significant portion of the barrel, typically from near the turret out to the bore evacuator. This sleeve helps regulate barrel temperature to maintain accuracy. The current barrel is uniformly smooth.
    *   **Add a Bore Evacuator (Fume Extractor):** A distinct cylindrical bulge, the bore evacuator, is present on the T-72 barrel, usually located roughly two-thirds of the way down from the turret. Its purpose is to extract propellant gases from the barrel after firing. This feature is entirely missing from the current barrel.
    *   **Refine Barrel Profile/Thickness:** While the current barrel has a basic cylindrical form, its precise profile, including any subtle tapers or slight variations in thickness (beyond the main features), might need adjustment to match the reference.

5.  **Are there any unintended changes or issues to address?**
    From this single, flat-shaded silhouette image, no immediate unintended changes or issues are apparent on the gun barrel itself or the rest of the tank. The tank's overall silhouette appears consistent with a T-72. The shading is uniform, suggesting a basic material or a depth pass, which is not an issue in itself but means surface details are not visible.

6.  **How does the current state (last image) compare to previous states?**
    As there are no previous images provided, a comparison to prior states is not possible. The current state shows the T-72 model with a simplified gun barrel, indicating that work on detailing the barrel's specific features has likely not yet begun or is in a very early stage.

---

**Detailed Observation and Next Steps:**

The current scene successfully displays the T-72 tank model, including its gun barrel, in a clear profile view. This provides an excellent base for further modification.

**Observation:** The gun barrel is a smooth, straight cylinder without any of the distinctive features (thermal sleeve, bore evacuator) that define the T-72's main gun.

**Next Steps to Achieve Goal:**

1.  **Model the Thermal Sleeve:** Select the gun barrel mesh and begin modeling the thermal sleeve. This typically involves extruding sections or adding geometry to create the characteristic segmented or ribbed look of the sleeve. Ensure it covers the appropriate length of the barrel.
2.  **Model the Bore Evacuator:** Create a distinct cylindrical bulge for the bore evacuator, positioning it accurately along the barrel, usually past the mid-point.
3.  **Adjust Proportions and Details:** Continuously compare the modified barrel against the target reference image to ensure accurate proportions, precise positioning of the features, and any other subtle details that make the T-72 barrel unique.
4.  **Consider Mesh Topology:** As you add these details, pay attention to the mesh topology to ensure it is clean, efficient, and suitable for potential texturing and rendering in Unity.",1
"{""name"": ""scene_info"", ""args"": {""path"": ""/"", ""name"": ""SampleScene""}}","Scene information retrieved successfully:
{""success"": true, ""message"": ""Retrieved hierarchy for scene 'SampleScene'."", ""data"": [{""name"": ""Main Camera"", ""activeSelf"": true, ""activeInHierarchy"": true, ""tag"": ""MainCamera"", ""layer"": 0, ""isStatic"": false, ""instanceID"": 42366, ""transform"": {""position"": {""x"": 0.2, ""y"": 11.1, ""z"": -30.1}, ""rotation"": {""x"": 20.0, ""y"": 0.0, ""z"": 0.0}, ""scale"": {""x"": 1.0, ""y"": 1.0, ""z"": 1.0}}, ""children"": []}, {""name"": ""Directional Light"", ""activeSelf"": true, ""activeInHierarchy"": true, ""tag"": ""Untagged"", ""layer"": 0, ""isStatic"": false, ""instanceID"": 42376, ""transform"": {""position"": {""x"": 0.0, ""y"": 3.0, ""z"": 0.0}, ""rotation"": {""x"": 50.0, ""y"": 330.0, ""z"": 0.0}, ""scale"": {""x"": 1.0, ""y"": 1.0, ""z"": 1.0}}, ""children"": []}, {""name"": ""Global Volume"", ""activeSelf"": true, ""activeInHierarchy"": true, ""tag"": ""Untagged"", ""layer"": 0, ""isStatic"": false, ""instanceID"": 42390, ""transform"": {""position"": {""x"": 0.0, ""y"": 0.0, ""z"": 0.0}, ""rotation"": {""x"": 0.0, ""y"": 0.0, ""z"": 0.0}, ""scale"": {""x"": 1.0, ""y"": 1.0, ""z"": 1.0}}, ""children"": []}, {""name"": ""SceneRenderer"", ""activeSelf"": true, ""activeInHierarchy"": true, ""tag"": ""Untagged"", ""layer"": 0, ""isStatic"": false, ""instanceID"": 42410, ""transform"": {""position"": {""x"": 0.0, ""y"": 0.0, ""z"": 0.0}, ""rotation"": {""x"": 0.0, ""y"": 0.0, ""z"": 0.0}, ""scale"": {""x"": 1.0, ""y"": 1.0, ""z"": 1.0}}, ""children"": []}, {""name"": ""Torso"", ""activeSelf"": false, ""activeInHierarchy"": false, ""tag"": ""Untagged"", ""layer"": 0, ""isStatic"": false, ""instanceID"": 42396, ""transform"": {""position"": {""x"": 0.0, ""y"": 0.0, ""z"": 0.0}, ""rotation"": {""x"": 0.0, ""y"": 0.0, ""z"": 0.0}, ""scale"": {""x"": 1.0, ""y"": 1.5, ""z"": 0.5}}, ""children"": []}, {""name"": ""Head"", ""activeSelf"": false, ""activeInHierarchy"": false, ""tag"": ""Untagged"", ""layer"": 0, ""isStatic"": false, ""instanceID"": 42424, ""transform"": {""position"": {""x"": 0.0, ""y"": 1.25, ""z"": 0.0}, ""rotation"": {""x"": 0.0, ""y"": 0.0, ""z"": 0.0}, ""scale"": {""x"": 1.0, ""y"": 1.0, ""z"": 1.0}}, ""children"": []}, {""name"": ""RightArm"", ""activeSelf"": false, ""activeInHierarchy"": false, ""tag"": ""Untagged"", ""layer"": 0, ""isStatic"": false, ""instanceID"": 42446, ""transform"": {""position"": {""x"": 0.6, ""y"": 0.25, ""z"": 0.0}, ""rotation"": {""x"": 0.0, ""y"": 0.0, ""z"": 0.0}, ""scale"": {""x"": 0.2, ""y"": 1.0, ""z"": 0.2}}, ""children"": []}, {""name"": ""LeftArm"", ""activeSelf"": false, ""activeInHierarchy"": false, ""tag"": ""Untagged"", ""layer"": 0, ""isStatic"": false, ""instanceID"": 42344, ""transform"": {""position"": {""x"": -0.6, ""y"": 0.25, ""z"": 0.0}, ""rotation"": {""x"": 0.0, ""y"": 0.0, ""z"": 0.0}, ""scale"": {""x"": 0.2, ""y"": 1.0, ""z"": 0.2}}, ""children"": []}, {""name"": ""RightLeg"", ""activeSelf"": false, ""activeInHierarchy"": false, ""tag"": ""Untagged"", ""layer"": 0, ""isStatic"": false, ""instanceID"": 42334, ""transform"": {""position"": {""x"": 0.25, ""y"": -1.25, ""z"": 0.0}, ""rotation"": {""x"": 0.0, ""y"": 0.0, ""z"": 0.0}, ""scale"": {""x"": 0.2, ""y"": 1.0, ""z"": 0.2}}, ""children"": []}, {""name"": ""LeftLeg"", ""activeSelf"": false, ""activeInHierarchy"": false, ""tag"": ""Untagged"", ""layer"": 0, ""isStatic"": false, ""instanceID"": 42434, ""transform"": {""position"": {""x"": -0.25, ""y"": -1.25, ""z"": 0.0}, ""rotation"": {""x"": 0.0, ""y"": 0.0, ""z"": 0.0}, ""scale"": {""x"": 0.2, ""y"": 1.0, ""z"": 0.2}}, ""children"": []}, {""name"": ""btr70_without_exhaust_modified_rightside_4"", ""activeSelf"": false, ""activeInHierarchy"": false, ""tag"": ""btr70"", ""layer"": 0, ""isStatic"": false, ""instanceID"": -1310, ""transform"": {""position"": {""x"": 0.0, ""y"": 0.0, ""z"": 0.0}, ""rotation"": {""x"": 0.0, ""y"": 0.0, ""z"": 0.0}, ""scale"": {""x"": 0.02, ""y"": 0.02, ""z"": 0.02}}, ""children"": [{""name"": ""default"", ""activeSelf"": true, ""activeInHierarchy"": false, ""tag"": ""Untagged"", ""layer"": 0, ""isStatic"": false, ""instanceID"": -1314, ""transform"": {""position"": {""x"": 0.0, ""y"": 0.0, ""z"": 0.0}, ""rotation"": {""x"": 0.0, ""y"": 0.0, ""z"": 0.0}, ""scale"": {""x"": 1.0, ""y"": 1.0, ""z"": 1.0}}, ""children"": []}, {""name"": ""PolyShape"", ""activeSelf"": true, ""activeInHierarchy"": false, ""tag"": ""Untagged"", ""layer"": 0, ""isStatic"": false, ""instanceID"": -1322, ""transform"": {""position"": {""x"": 0.0, ""y"": 0.0, ""z"": 0.0}, ""rotation"": {""x"": 0.0, ""y"": 0.0, ""z"": 0.0}, ""scale"": {""x"": 1.0, ""y"": 1.0, ""z"": 1.0}}, ""children"": []}, {""name"": ""PolyShape1"", ""activeSelf"": true, ""activeInHierarchy"": false, ""tag"": ""Untagged"", ""layer"": 0, ""isStatic"": false, ""instanceID"": -1330, ""transform"": {""position"": {""x"": 0.0, ""y"": 0.0, ""z"": 0.0}, ""rotation"": {""x"": 0.0, ""y"": 0.0, ""z"": 0.0}, ""scale"": {""x"": 1.0, ""y"": 1.0, ""z"": 1.0}}, ""children"": []}, {""name"": ""PolyShape2"", ""activeSelf"": true, ""activeInHierarchy"": false, ""tag"": ""Untagged"", ""layer"": 0, ""isStatic"": false, ""instanceID"": -1338, ""transform"": {""position"": {""x"": 0.0, ""y"": 0.0, ""z"": 0.0}, ""rotation"": {""x"": 0.0, ""y"": 0.0, ""z"": 0.0}, ""scale"": {""x"": 1.0, ""y"": 1.0, ""z"": 1.0}}, ""children"": []}, {""name"": ""rear_wheel"", ""activeSelf"": true, ""activeInHierarchy"": false, ""tag"": ""Untagged"", ""layer"": 0, ""isStatic"": false, ""instanceID"": -1346, ""transform"": {""position"": {""x"": 0.0, ""y"": 0.0, ""z"": 0.0}, ""rotation"": {""x"": 0.0, ""y"": 0.0, ""z"": 0.0}, ""scale"": {""x"": 1.0, ""y"": 1.0, ""z"": 1.0}}, ""children"": []}, {""name"": ""wheel_submesh2"", ""activeSelf"": true, ""activeInHierarchy"": false, ""tag"": ""Untagged"", ""layer"": 0, ""isStatic"": false, ""instanceID"": -1354, ""transform"": {""position"": {""x"": 0.0, ""y"": 0.0, ""z"": 0.0}, ""rotation"": {""x"": 0.0, ""y"": 0.0, ""z"": 0.0}, ""scale"": {""x"": 1.0, ""y"": 1.0, ""z"": 1.0}}, ""children"": []}]}, {""name"": ""T72"", ""activeSelf"": true, ""activeInHierarchy"": true, ""tag"": ""Untagged"", ""layer"": 0, ""isStatic"": false, ""instanceID"": -1250, ""transform"": {""position"": {""x"": 0.0, ""y"": 0.0, ""z"": 0.0}, ""rotation"": {""x"": 0.0, ""y"": 0.0, ""z"": 0.0}, ""scale"": {""x"": 0.02, ""y"": 0.02, ""z"": 0.02}}, ""children"": [{""name"": ""Hull1"", ""activeSelf"": true, ""activeInHierarchy"": true, ""tag"": ""Untagged"", ""layer"": 0, ""isStatic"": false, ""instanceID"": -1254, ""transform"": {""position"": {""x"": 0.0, ""y"": 0.0, ""z"": 0.0}, ""rotation"": {""x"": 0.0, ""y"": 0.0, ""z"": 0.0}, ""scale"": {""x"": 1.0, ""y"": 1.0, ""z"": 1.0}}, ""children"": []}, {""name"": ""Log"", ""activeSelf"": true, ""activeInHierarchy"": true, ""tag"": ""Untagged"", ""layer"": 0, ""isStatic"": false, ""instanceID"": -1262, ""transform"": {""position"": {""x"": 0.0, ""y"": 0.0, ""z"": 0.0}, ""rotation"": {""x"": 0.0, ""y"": 0.0, ""z"": 0.0}, ""scale"": {""x"": 1.0, ""y"": 1.0, ""z"": 1.0}}, ""children"": []}, {""name"": ""Mg"", ""activeSelf"": true, ""activeInHierarchy"": true, ""tag"": ""Untagged"", ""layer"": 0, ""isStatic"": false, ""instanceID"": -1270, ""transform"": {""position"": {""x"": 0.0, ""y"": 0.0, ""z"": 0.0}, ""rotation"": {""x"": 0.0, ""y"": 0.0, ""z"": 0.0}, ""scale"": {""x"": 1.0, ""y"": 1.0, ""z"": 1.0}}, ""children"": []}, {""name"": ""Strips1"", ""activeSelf"": true, ""activeInHierarchy"": true, ""tag"": ""Untagged"", ""layer"": 0, ""isStatic"": false, ""instanceID"": -1278, ""transform"": {""position"": {""x"": 0.0, ""y"": 0.0, ""z"": 0.0}, ""rotation"": {""x"": 0.0, ""y"": 0.0, ""z"": 0.0}, ""scale"": {""x"": 1.0, ""y"": 1.0, ""z"": 1.0}}, ""children"": []}, {""name"": ""Strips2"", ""activeSelf"": true, ""activeInHierarchy"": true, ""tag"": ""Untagged"", ""layer"": 0, ""isStatic"": false, ""instanceID"": -1286, ""transform"": {""position"": {""x"": 0.0, ""y"": 0.0, ""z"": 0.0}, ""rotation"": {""x"": 0.0, ""y"": 0.0, ""z"": 0.0}, ""scale"": {""x"": 1.0, ""y"": 1.0, ""z"": 1.0}}, ""children"": []}, {""name"": ""Tracks1"", ""activeSelf"": true, ""activeInHierarchy"": true, ""tag"": ""Untagged"", ""layer"": 0, ""isStatic"": false, ""instanceID"": -1294, ""transform"": {""position"": {""x"": 0.0, ""y"": 0.0, ""z"": 0.0}, ""rotation"": {""x"": 0.0, ""y"": 0.0, ""z"": 0.0}, ""scale"": {""x"": 1.0, ""y"": 1.0, ""z"": 1.0}}, ""children"": []}, {""name"": ""Turret1"", ""activeSelf"": true, ""activeInHierarchy"": true, ""tag"": ""Untagged"", ""layer"": 0, ""isStatic"": false, ""instanceID"": -1302, ""transform"": {""position"": {""x"": 0.0, ""y"": 0.0, ""z"": 0.0}, ""rotation"": {""x"": 0.0, ""y"": 0.0, ""z"": 0.0}, ""scale"": {""x"": 1.0, ""y"": 1.0, ""z"": 1.0}}, ""children"": []}]}, {""name"": ""Terrain"", ""activeSelf"": true, ""activeInHierarchy"": true, ""tag"": ""Untagged"", ""layer"": 0, ""isStatic"": true, ""instanceID"": 42356, ""transform"": {""position"": {""x"": -471.0, ""y"": 0.0, ""z"": -28.0}, ""rotation"": {""x"": 0.0, ""y"": 0.0, ""z"": 0.0}, ""scale"": {""x"": 1.0, ""y"": 1.0, ""z"": 1.0}}, ""children"": []}]}",1
"{""name"": ""manage_gameobject"", ""args"": {""search_method"": ""by_path"", ""target"": ""T72/Turret1"", ""includeNonPublicSerialized"": true, ""action"": ""get_components""}}","{""success"": true, ""message"": ""Retrieved 3 components from 'Turret1'."", ""data"": [{""typeName"": ""UnityEngine.Transform"", ""instanceID"": -1304, ""position"": {""x"": 0.0, ""y"": 0.0, ""z"": 0.0}, ""localPosition"": {""x"": 0.0, ""y"": 0.0, ""z"": 0.0}, ""eulerAngles"": {""x"": 0.0, ""y"": 0.0, ""z"": 0.0}, ""localEulerAngles"": {""x"": 0.0, ""y"": 0.0, ""z"": 0.0}, ""localScale"": {""x"": 1.0, ""y"": 1.0, ""z"": 1.0}, ""right"": {""x"": 1.0, ""y"": 0.0, ""z"": 0.0}, ""up"": {""x"": 0.0, ""y"": 1.0, ""z"": 0.0}, ""forward"": {""x"": 0.0, ""y"": 0.0, ""z"": 1.0}, ""parentInstanceID"": -1250, ""rootInstanceID"": -1250, ""childCount"": 0, ""name"": ""Turret1"", ""tag"": ""Untagged"", ""gameObjectInstanceID"": -1302}, {""typeName"": ""UnityEngine.MeshFilter"", ""instanceID"": -1306, ""properties"": {""sharedMesh"": ""Assets/T72_IR.obj"", ""mesh"": {""name"": ""Turret1 Instance"", ""instanceID"": -8692}, ""gameObject"": {""name"": ""Turret1"", ""instanceID"": -1302}, ""tag"": ""Untagged"", ""name"": ""Turret1"", ""hideFlags"": 0}}, {""typeName"": ""UnityEngine.MeshRenderer"", ""instanceID"": -1308, ""properties"": {""additionalVertexStreams"": null, ""enlightenVertexStream"": null, ""subMeshStartIndex"": 0, ""scaleInLightmap"": 1.0, ""receiveGI"": 1, ""stitchLightmapSeams"": true, ""lightmapTilingOffset"": {""x"": 0.0, ""y"": 0.0, ""z"": 0.0, ""w"": 0.0, ""magnitude"": 0.0, ""sqrMagnitude"": 0.0}, ""lightProbeAnchor"": null, ""castShadows"": true, ""motionVectors"": true, ""useLightProbes"": true, ""bounds"": {""center"": {""x"": -1.0238080024719238, ""y"": 2.234391450881958, ""z"": -0.183222234249115}, ""size"": {""x"": 6.513411521911621, ""y"": 2.535148859024048, ""z"": 2.69608736038208}}, ""localBounds"": {""center"": {""x"": -51.190399169921875, ""y"": 111.71957397460938, ""z"": -9.161111831665039}, ""size"": {""x"": 325.67059326171875, ""y"": 126.7574462890625, ""z"": 134.8043670654297}}, ""enabled"": true, ""isVisible"": true, ""shadowCastingMode"": 1, ""receiveShadows"": true, ""forceRenderingOff"": false, ""staticShadowCaster"": false, ""motionVectorGenerationMode"": 1, ""lightProbeUsage"": 1, ""reflectionProbeUsage"": 1, ""renderingLayerMask"": 1, ""rendererPriority"": 0, ""rayTracingMode"": 2, ""rayTracingAccelerationStructureBuildFlags"": 1, ""rayTracingAccelerationStructureBuildFlagsOverride"": false, ""sortingLayerName"": ""Default"", ""sortingLayerID"": 0, ""sortingOrder"": 0, ""isLOD0"": true, ""allowOcclusionWhenDynamic"": true, ""isPartOfStaticBatch"": false, ""lightProbeProxyVolumeOverride"": null, ""probeAnchor"": null, ""lightmapIndex"": -1, ""realtimeLightmapIndex"": -1, ""lightmapScaleOffset"": {""x"": 1.0, ""y"": 1.0, ""z"": 0.0, ""w"": 0.0, ""normalized"": {""x"": 0.7071067690849304, ""y"": 0.7071067690849304, ""z"": 0.0, ""w"": 0.0, ""normalized"": {""x"": 0.7071068286895752, ""y"": 0.7071068286895752, ""z"": 0.0, ""w"": 0.0, ""magnitude"": 1.0, ""sqrMagnitude"": 1.0000001192092896}, ""magnitude"": 0.9999999403953552, ""sqrMagnitude"": 0.9999999403953552}, ""magnitude"": 1.4142135381698608, ""sqrMagnitude"": 2.0}, ""realtimeLightmapScaleOffset"": {""x"": 1.0, ""y"": 1.0, ""z"": 0.0, ""w"": 0.0, ""normalized"": {""x"": 0.7071067690849304, ""y"": 0.7071067690849304, ""z"": 0.0, ""w"": 0.0, ""normalized"": {""x"": 0.7071068286895752, ""y"": 0.7071068286895752, ""z"": 0.0, ""w"": 0.0, ""magnitude"": 1.0, ""sqrMagnitude"": 1.0000001192092896}, ""magnitude"": 0.9999999403953552, ""sqrMagnitude"": 0.9999999403953552}, ""magnitude"": 1.4142135381698608, ""sqrMagnitude"": 2.0}, ""materials"": [{""name"": ""Turret1Mat (Instance)"", ""instanceID"": -8690}], ""material"": {""name"": ""Turret1Mat (Instance)"", ""instanceID"": -8690}, ""sharedMaterial"": {""name"": ""Turret1Mat (Instance)"", ""instanceID"": -8690}, ""sharedMaterials"": [{""name"": ""Turret1Mat (Instance)"", ""instanceID"": -8690}], ""LODGroup"": null, ""gameObject"": {""name"": ""Turret1"", ""instanceID"": -1302}, ""tag"": ""Untagged"", ""name"": ""Turret1"", ""hideFlags"": 0}}]}",1
"{""name"": ""manage_gameobject"", ""args"": {""name"": ""Directional Light"", ""primitive_type"": ""DirectionalLight"", ""action"": ""create""}}","{""success"": false, ""message"": ""Invalid primitive type: 'DirectionalLight'. Valid types: Sphere, Capsule, Cylinder, Cube, Plane, Quad""}",0
"{""name"": ""manage_gameobject"", ""args"": {""action"": ""create"", ""position"": [0.0, 1.0, 0.0], ""components_to_add"": [""Light""], ""name"": ""PointLight_HotSpot1""}}","{""success"": true, ""message"": ""GameObject 'PointLight_HotSpot1' created successfully in scene."", ""data"": {""name"": ""PointLight_HotSpot1"", ""instanceID"": -10540, ""tag"": ""Untagged"", ""layer"": 0, ""activeSelf"": true, ""activeInHierarchy"": true, ""isStatic"": false, ""scenePath"": ""Assets/Scenes/SampleScene.unity"", ""transform"": {""position"": {""x"": 0.0, ""y"": 1.0, ""z"": 0.0}, ""localPosition"": {""x"": 0.0, ""y"": 1.0, ""z"": 0.0}, ""rotation"": {""x"": 0.0, ""y"": 0.0, ""z"": 0.0}, ""localRotation"": {""x"": 0.0, ""y"": 0.0, ""z"": 0.0}, ""scale"": {""x"": 1.0, ""y"": 1.0, ""z"": 1.0}, ""forward"": {""x"": 0.0, ""y"": 0.0, ""z"": 1.0}, ""up"": {""x"": 0.0, ""y"": 1.0, ""z"": 0.0}, ""right"": {""x"": 1.0, ""y"": 0.0, ""z"": 0.0}}, ""parentInstanceID"": 0, ""componentNames"": [""UnityEngine.Transform"", ""UnityEngine.Light""]}}",1
"{""name"": ""manage_gameobject"", ""args"": {""target"": ""T72"", ""search_method"": ""by_name"", ""includeNonPublicSerialized"": true, ""component_name"": ""MeshRenderer"", ""action"": ""get_components""}}","{""success"": true, ""message"": ""Retrieved 1 components from 'T72'."", ""data"": [{""typeName"": ""UnityEngine.Transform"", ""instanceID"": -1252, ""position"": {""x"": 0.0, ""y"": 0.0, ""z"": 0.0}, ""localPosition"": {""x"": 0.0, ""y"": 0.0, ""z"": 0.0}, ""eulerAngles"": {""x"": 0.0, ""y"": 0.0, ""z"": 0.0}, ""localEulerAngles"": {""x"": 0.0, ""y"": 0.0, ""z"": 0.0}, ""localScale"": {""x"": 0.02, ""y"": 0.02, ""z"": 0.02}, ""right"": {""x"": 1.0, ""y"": 0.0, ""z"": 0.0}, ""up"": {""x"": 0.0, ""y"": 1.0, ""z"": 0.0}, ""forward"": {""x"": 0.0, ""y"": 0.0, ""z"": 1.0}, ""parentInstanceID"": 0, ""rootInstanceID"": -1250, ""childCount"": 7, ""name"": ""T72"", ""tag"": ""Untagged"", ""gameObjectInstanceID"": -1250}]}",1
"{""name"": ""manage_gameobject"", ""args"": {""search_method"": ""by_path"", ""target"": ""T72/Hull1"", ""component_name"": ""MeshRenderer"", ""action"": ""get_components""}}","{""success"": true, ""message"": ""Retrieved 3 components from 'Hull1'."", ""data"": [{""typeName"": ""UnityEngine.Transform"", ""instanceID"": -1256, ""position"": {""x"": 0.0, ""y"": 0.0, ""z"": 0.0}, ""localPosition"": {""x"": 0.0, ""y"": 0.0, ""z"": 0.0}, ""eulerAngles"": {""x"": 0.0, ""y"": 0.0, ""z"": 0.0}, ""localEulerAngles"": {""x"": 0.0, ""y"": 0.0, ""z"": 0.0}, ""localScale"": {""x"": 1.0, ""y"": 1.0, ""z"": 1.0}, ""right"": {""x"": 1.0, ""y"": 0.0, ""z"": 0.0}, ""up"": {""x"": 0.0, ""y"": 1.0, ""z"": 0.0}, ""forward"": {""x"": 0.0, ""y"": 0.0, ""z"": 1.0}, ""parentInstanceID"": -1250, ""rootInstanceID"": -1250, ""childCount"": 0, ""name"": ""Hull1"", ""tag"": ""Untagged"", ""gameObjectInstanceID"": -1254}, {""typeName"": ""UnityEngine.MeshFilter"", ""instanceID"": -1258, ""properties"": {""sharedMesh"": ""Assets/T72_IR.obj"", ""mesh"": {""name"": ""Hull1 Instance"", ""instanceID"": -13208}, ""gameObject"": {""name"": ""Hull1"", ""instanceID"": -1254}, ""tag"": ""Untagged"", ""name"": ""Hull1"", ""hideFlags"": 0}}, {""typeName"": ""UnityEngine.MeshRenderer"", ""instanceID"": -1260, ""properties"": {""additionalVertexStreams"": null, ""enlightenVertexStream"": null, ""subMeshStartIndex"": 0, ""scaleInLightmap"": 1.0, ""receiveGI"": 1, ""stitchLightmapSeams"": true, ""lightmapTilingOffset"": {""x"": 0.0, ""y"": 0.0, ""z"": 0.0, ""w"": 0.0, ""magnitude"": 0.0, ""sqrMagnitude"": 0.0}, ""lightProbeAnchor"": null, ""castShadows"": true, ""motionVectors"": true, ""useLightProbes"": true, ""bounds"": {""center"": {""x"": 0.7275310158729553, ""y"": 0.6070616841316223, ""z"": -0.1319998949766159}, ""size"": {""x"": 5.620398044586182, ""y"": 1.075757384300232, ""z"": 2.961029529571533}}, ""localBounds"": {""center"": {""x"": 36.37655258178711, ""y"": 30.353084564208984, ""z"": -6.599994659423828}, ""size"": {""x"": 281.0198974609375, ""y"": 53.787872314453125, ""z"": 148.05148315429688}}, ""enabled"": true, ""isVisible"": true, ""shadowCastingMode"": 1, ""receiveShadows"": true, ""forceRenderingOff"": false, ""staticShadowCaster"": false, ""motionVectorGenerationMode"": 1, ""lightProbeUsage"": 1, ""reflectionProbeUsage"": 1, ""renderingLayerMask"": 1, ""rendererPriority"": 0, ""rayTracingMode"": 2, ""rayTracingAccelerationStructureBuildFlags"": 1, ""rayTracingAccelerationStructureBuildFlagsOverride"": false, ""sortingLayerName"": ""Default"", ""sortingLayerID"": 0, ""sortingOrder"": 0, ""isLOD0"": true, ""allowOcclusionWhenDynamic"": true, ""isPartOfStaticBatch"": false, ""lightProbeProxyVolumeOverride"": null, ""probeAnchor"": null, ""lightmapIndex"": -1, ""realtimeLightmapIndex"": -1, ""lightmapScaleOffset"": {""x"": 1.0, ""y"": 1.0, ""z"": 0.0, ""w"": 0.0, ""normalized"": {""x"": 0.7071067690849304, ""y"": 0.7071067690849304, ""z"": 0.0, ""w"": 0.0, ""normalized"": {""x"": 0.7071068286895752, ""y"": 0.7071068286895752, ""z"": 0.0, ""w"": 0.0, ""magnitude"": 1.0, ""sqrMagnitude"": 1.0000001192092896}, ""magnitude"": 0.9999999403953552, ""sqrMagnitude"": 0.9999999403953552}, ""magnitude"": 1.4142135381698608, ""sqrMagnitude"": 2.0}, ""realtimeLightmapScaleOffset"": {""x"": 1.0, ""y"": 1.0, ""z"": 0.0, ""w"": 0.0, ""normalized"": {""x"": 0.7071067690849304, ""y"": 0.7071067690849304, ""z"": 0.0, ""w"": 0.0, ""normalized"": {""x"": 0.7071068286895752, ""y"": 0.7071068286895752, ""z"": 0.0, ""w"": 0.0, ""magnitude"": 1.0, ""sqrMagnitude"": 1.0000001192092896}, ""magnitude"": 0.9999999403953552, ""sqrMagnitude"": 0.9999999403953552}, ""magnitude"": 1.4142135381698608, ""sqrMagnitude"": 2.0}, ""materials"": [{""name"": ""Hull1Mat (Instance) (Instance)"", ""instanceID"": -13206}], ""material"": {""name"": ""Hull1Mat (Instance) (Instance)"", ""instanceID"": -13206}, ""sharedMaterial"": {""name"": ""Hull1Mat (Instance) (Instance)"", ""instanceID"": -13206}, ""sharedMaterials"": [{""name"": ""Hull1Mat (Instance) (Instance)"", ""instanceID"": -13206}], ""LODGroup"": null, ""gameObject"": {""name"": ""Hull1"", ""instanceID"": -1254}, ""tag"": ""Untagged"", ""name"": ""Hull1"", ""hideFlags"": 0}}]}",1
"{""name"": ""manage_asset"", ""args"": {""path"": ""Assets/Hull1Mat (Instance) (Instance).mat"", ""properties"": [""_EmissionColor""], ""action"": ""get_info""}}","Error executing tool manage_asset: 1 validation error for manage_assetArguments
properties
  Input should be a valid dictionary [type=dict_type, input_value=['_EmissionColor'], input_type=list]
    For further information visit https://errors.pydantic.dev/2.8/v/dict_type 
",0
"{""name"": ""manage_gameobject"", ""args"": {""find_all"": true, ""search_term"": ""T72"", ""search_in_children"": true, ""action"": ""find""}}","{""success"": true, ""message"": ""Found 1 GameObject(s)."", ""data"": [{""name"": ""T72"", ""instanceID"": -1250, ""tag"": ""Untagged"", ""layer"": 0, ""activeSelf"": true, ""activeInHierarchy"": true, ""isStatic"": false, ""scenePath"": ""Assets/Scenes/SampleScene.unity"", ""transform"": {""position"": {""x"": 0.0, ""y"": 0.0, ""z"": 0.0}, ""localPosition"": {""x"": 0.0, ""y"": 0.0, ""z"": 0.0}, ""rotation"": {""x"": 0.0, ""y"": 0.0, ""z"": 0.0}, ""localRotation"": {""x"": 0.0, ""y"": 0.0, ""z"": 0.0}, ""scale"": {""x"": 0.02, ""y"": 0.02, ""z"": 0.02}, ""forward"": {""x"": 0.0, ""y"": 0.0, ""z"": 1.0}, ""up"": {""x"": 0.0, ""y"": 1.0, ""z"": 0.0}, ""right"": {""x"": 1.0, ""y"": 0.0, ""z"": 0.0}}, ""parentInstanceID"": 0, ""componentNames"": [""UnityEngine.Transform""]}]}",1
"{""name"": ""scene_info"", ""args"": {""path"": ""/"", ""name"": ""SampleScene""}}",Unknown tool: scene_info,0
"{""name"": ""manage_scene"", ""args"": {""action"": ""get_hierarchy"", ""build_index"": 0.0, ""path"": ""/"", ""name"": ""SampleScene""}}","{""success"": true, ""message"": ""Retrieved hierarchy for scene 'SampleScene'."", ""data"": [{""name"": ""Main Camera"", ""activeSelf"": true, ""activeInHierarchy"": true, ""tag"": ""MainCamera"", ""layer"": 0, ""isStatic"": false, ""instanceID"": 42368, ""transform"": {""position"": {""x"": 0.2, ""y"": 11.1, ""z"": -30.1}, ""rotation"": {""x"": 20.0, ""y"": 0.0, ""z"": 0.0}, ""scale"": {""x"": 1.0, ""y"": 1.0, ""z"": 1.0}}, ""children"": []}, {""name"": ""Directional Light"", ""activeSelf"": true, ""activeInHierarchy"": true, ""tag"": ""Untagged"", ""layer"": 0, ""isStatic"": false, ""instanceID"": 42378, ""transform"": {""position"": {""x"": 0.0, ""y"": 3.0, ""z"": 0.0}, ""rotation"": {""x"": 50.0, ""y"": 330.0, ""z"": 0.0}, ""scale"": {""x"": 1.0, ""y"": 1.0, ""z"": 1.0}}, ""children"": []}, {""name"": ""Global Volume"", ""activeSelf"": true, ""activeInHierarchy"": true, ""tag"": ""Untagged"", ""layer"": 0, ""isStatic"": false, ""instanceID"": 42396, ""transform"": {""position"": {""x"": 0.0, ""y"": 0.0, ""z"": 0.0}, ""rotation"": {""x"": 0.0, ""y"": 0.0, ""z"": 0.0}, ""scale"": {""x"": 1.0, ""y"": 1.0, ""z"": 1.0}}, ""children"": []}, {""name"": ""SceneRenderer"", ""activeSelf"": true, ""activeInHierarchy"": true, ""tag"": ""Untagged"", ""layer"": 0, ""isStatic"": false, ""instanceID"": 42416, ""transform"": {""position"": {""x"": 0.0, ""y"": 0.0, ""z"": 0.0}, ""rotation"": {""x"": 0.0, ""y"": 0.0, ""z"": 0.0}, ""scale"": {""x"": 1.0, ""y"": 1.0, ""z"": 1.0}}, ""children"": []}, {""name"": ""Torso"", ""activeSelf"": false, ""activeInHierarchy"": false, ""tag"": ""Untagged"", ""layer"": 0, ""isStatic"": false, ""instanceID"": 42402, ""transform"": {""position"": {""x"": 0.0, ""y"": 0.0, ""z"": 0.0}, ""rotation"": {""x"": 0.0, ""y"": 0.0, ""z"": 0.0}, ""scale"": {""x"": 1.0, ""y"": 1.5, ""z"": 0.5}}, ""children"": []}, {""name"": ""Head"", ""activeSelf"": false, ""activeInHierarchy"": false, ""tag"": ""Untagged"", ""layer"": 0, ""isStatic"": false, ""instanceID"": 42432, ""transform"": {""position"": {""x"": 0.0, ""y"": 1.25, ""z"": 0.0}, ""rotation"": {""x"": 0.0, ""y"": 0.0, ""z"": 0.0}, ""scale"": {""x"": 1.0, ""y"": 1.0, ""z"": 1.0}}, ""children"": []}, {""name"": ""RightArm"", ""activeSelf"": false, ""activeInHierarchy"": false, ""tag"": ""Untagged"", ""layer"": 0, ""isStatic"": false, ""instanceID"": 42454, ""transform"": {""position"": {""x"": 0.6, ""y"": 0.25, ""z"": 0.0}, ""rotation"": {""x"": 0.0, ""y"": 0.0, ""z"": 0.0}, ""scale"": {""x"": 0.2, ""y"": 1.0, ""z"": 0.2}}, ""children"": []}, {""name"": ""LeftArm"", ""activeSelf"": false, ""activeInHierarchy"": false, ""tag"": ""Untagged"", ""layer"": 0, ""isStatic"": false, ""instanceID"": 42344, ""transform"": {""position"": {""x"": -0.6, ""y"": 0.25, ""z"": 0.0}, ""rotation"": {""x"": 0.0, ""y"": 0.0, ""z"": 0.0}, ""scale"": {""x"": 0.2, ""y"": 1.0, ""z"": 0.2}}, ""children"": []}, {""name"": ""RightLeg"", ""activeSelf"": false, ""activeInHierarchy"": false, ""tag"": ""Untagged"", ""layer"": 0, ""isStatic"": false, ""instanceID"": 42334, ""transform"": {""position"": {""x"": 0.25, ""y"": -1.25, ""z"": 0.0}, ""rotation"": {""x"": 0.0, ""y"": 0.0, ""z"": 0.0}, ""scale"": {""x"": 0.2, ""y"": 1.0, ""z"": 0.2}}, ""children"": []}, {""name"": ""LeftLeg"", ""activeSelf"": false, ""activeInHierarchy"": false, ""tag"": ""Untagged"", ""layer"": 0, ""isStatic"": false, ""instanceID"": 42442, ""transform"": {""position"": {""x"": -0.25, ""y"": -1.25, ""z"": 0.0}, ""rotation"": {""x"": 0.0, ""y"": 0.0, ""z"": 0.0}, ""scale"": {""x"": 0.2, ""y"": 1.0, ""z"": 0.2}}, ""children"": []}, {""name"": ""btr70_without_exhaust_modified_rightside_4"", ""activeSelf"": false, ""activeInHierarchy"": false, ""tag"": ""btr70"", ""layer"": 0, ""isStatic"": false, ""instanceID"": -1310, ""transform"": {""position"": {""x"": 0.0, ""y"": 0.0, ""z"": 0.0}, ""rotation"": {""x"": 0.0, ""y"": 0.0, ""z"": 0.0}, ""scale"": {""x"": 0.02, ""y"": 0.02, ""z"": 0.02}}, ""children"": [{""name"": ""default"", ""activeSelf"": true, ""activeInHierarchy"": false, ""tag"": ""Untagged"", ""layer"": 0, ""isStatic"": false, ""instanceID"": -1314, ""transform"": {""position"": {""x"": 0.0, ""y"": 0.0, ""z"": 0.0}, ""rotation"": {""x"": 0.0, ""y"": 0.0, ""z"": 0.0}, ""scale"": {""x"": 1.0, ""y"": 1.0, ""z"": 1.0}}, ""children"": []}, {""name"": ""PolyShape"", ""activeSelf"": true, ""activeInHierarchy"": false, ""tag"": ""Untagged"", ""layer"": 0, ""isStatic"": false, ""instanceID"": -1322, ""transform"": {""position"": {""x"": 0.0, ""y"": 0.0, ""z"": 0.0}, ""rotation"": {""x"": 0.0, ""y"": 0.0, ""z"": 0.0}, ""scale"": {""x"": 1.0, ""y"": 1.0, ""z"": 1.0}}, ""children"": []}, {""name"": ""PolyShape1"", ""activeSelf"": true, ""activeInHierarchy"": false, ""tag"": ""Untagged"", ""layer"": 0, ""isStatic"": false, ""instanceID"": -1330, ""transform"": {""position"": {""x"": 0.0, ""y"": 0.0, ""z"": 0.0}, ""rotation"": {""x"": 0.0, ""y"": 0.0, ""z"": 0.0}, ""scale"": {""x"": 1.0, ""y"": 1.0, ""z"": 1.0}}, ""children"": []}, {""name"": ""PolyShape2"", ""activeSelf"": true, ""activeInHierarchy"": false, ""tag"": ""Untagged"", ""layer"": 0, ""isStatic"": false, ""instanceID"": -1338, ""transform"": {""position"": {""x"": 0.0, ""y"": 0.0, ""z"": 0.0}, ""rotation"": {""x"": 0.0, ""y"": 0.0, ""z"": 0.0}, ""scale"": {""x"": 1.0, ""y"": 1.0, ""z"": 1.0}}, ""children"": []}, {""name"": ""rear_wheel"", ""activeSelf"": true, ""activeInHierarchy"": false, ""tag"": ""Untagged"", ""layer"": 0, ""isStatic"": false, ""instanceID"": -1346, ""transform"": {""position"": {""x"": 0.0, ""y"": 0.0, ""z"": 0.0}, ""rotation"": {""x"": 0.0, ""y"": 0.0, ""z"": 0.0}, ""scale"": {""x"": 1.0, ""y"": 1.0, ""z"": 1.0}}, ""children"": []}, {""name"": ""wheel_submesh2"", ""activeSelf"": true, ""activeInHierarchy"": false, ""tag"": ""Untagged"", ""layer"": 0, ""isStatic"": false, ""instanceID"": -1354, ""transform"": {""position"": {""x"": 0.0, ""y"": 0.0, ""z"": 0.0}, ""rotation"": {""x"": 0.0, ""y"": 0.0, ""z"": 0.0}, ""scale"": {""x"": 1.0, ""y"": 1.0, ""z"": 1.0}}, ""children"": []}]}, {""name"": ""T72"", ""activeSelf"": true, ""activeInHierarchy"": true, ""tag"": ""Untagged"", ""layer"": 0, ""isStatic"": false, ""instanceID"": -1250, ""transform"": {""position"": {""x"": 0.0, ""y"": 0.0, ""z"": 0.0}, ""rotation"": {""x"": 0.0, ""y"": 0.0, ""z"": 0.0}, ""scale"": {""x"": 0.02, ""y"": 0.02, ""z"": 0.02}}, ""children"": [{""name"": ""Hull1"", ""activeSelf"": true, ""activeInHierarchy"": true, ""tag"": ""Untagged"", ""layer"": 0, ""isStatic"": false, ""instanceID"": -1254, ""transform"": {""position"": {""x"": 0.0, ""y"": 0.0, ""z"": 0.0}, ""rotation"": {""x"": 0.0, ""y"": 0.0, ""z"": 0.0}, ""scale"": {""x"": 1.0, ""y"": 1.0, ""z"": 1.0}}, ""children"": []}, {""name"": ""Log"", ""activeSelf"": true, ""activeInHierarchy"": true, ""tag"": ""Untagged"", ""layer"": 0, ""isStatic"": false, ""instanceID"": -1262, ""transform"": {""position"": {""x"": 0.0, ""y"": 0.0, ""z"": 0.0}, ""rotation"": {""x"": 0.0, ""y"": 0.0, ""z"": 0.0}, ""scale"": {""x"": 1.0, ""y"": 1.0, ""z"": 1.0}}, ""children"": []}, {""name"": ""Mg"", ""activeSelf"": true, ""activeInHierarchy"": true, ""tag"": ""Untagged"", ""layer"": 0, ""isStatic"": false, ""instanceID"": -1270, ""transform"": {""position"": {""x"": 0.0, ""y"": 0.0, ""z"": 0.0}, ""rotation"": {""x"": 0.0, ""y"": 0.0, ""z"": 0.0}, ""scale"": {""x"": 1.0, ""y"": 1.0, ""z"": 1.0}}, ""children"": []}, {""name"": ""Strips1"", ""activeSelf"": true, ""activeInHierarchy"": true, ""tag"": ""Untagged"", ""layer"": 0, ""isStatic"": false, ""instanceID"": -1278, ""transform"": {""position"": {""x"": 0.0, ""y"": 0.0, ""z"": 0.0}, ""rotation"": {""x"": 0.0, ""y"": 0.0, ""z"": 0.0}, ""scale"": {""x"": 1.0, ""y"": 1.0, ""z"": 1.0}}, ""children"": []}, {""name"": ""Strips2"", ""activeSelf"": true, ""activeInHierarchy"": true, ""tag"": ""Untagged"", ""layer"": 0, ""isStatic"": false, ""instanceID"": -1286, ""transform"": {""position"": {""x"": 0.0, ""y"": 0.0, ""z"": 0.0}, ""rotation"": {""x"": 0.0, ""y"": 0.0, ""z"": 0.0}, ""scale"": {""x"": 1.0, ""y"": 1.0, ""z"": 1.0}}, ""children"": []}, {""name"": ""Tracks1"", ""activeSelf"": true, ""activeInHierarchy"": true, ""tag"": ""Untagged"", ""layer"": 0, ""isStatic"": false, ""instanceID"": -1294, ""transform"": {""position"": {""x"": 0.0, ""y"": 0.0, ""z"": 0.0}, ""rotation"": {""x"": 0.0, ""y"": 0.0, ""z"": 0.0}, ""scale"": {""x"": 1.0, ""y"": 1.0, ""z"": 1.0}}, ""children"": []}, {""name"": ""Turret1"", ""activeSelf"": true, ""activeInHierarchy"": true, ""tag"": ""Untagged"", ""layer"": 0, ""isStatic"": false, ""instanceID"": -1302, ""transform"": {""position"": {""x"": 0.0, ""y"": 0.0, ""z"": 0.0}, ""rotation"": {""x"": 0.0, ""y"": 0.0, ""z"": 0.0}, ""scale"": {""x"": 1.0, ""y"": 1.0, ""z"": 1.0}}, ""children"": []}]}, {""name"": ""Terrain"", ""activeSelf"": true, ""activeInHierarchy"": true, ""tag"": ""Untagged"", ""layer"": 0, ""isStatic"": true, ""instanceID"": 42356, ""transform"": {""position"": {""x"": -471.0, ""y"": 0.0, ""z"": -28.0}, ""rotation"": {""x"": 0.0, ""y"": 0.0, ""z"": 0.0}, ""scale"": {""x"": 1.0, ""y"": 1.0, ""z"": 1.0}}, ""children"": []}]}",1
"{""name"": ""manage_gameobject"", ""args"": {""target"": ""Hull1"", ""search_method"": ""by_name"", ""action"": ""get_components""}}","{""success"": true, ""message"": ""Retrieved 3 components from 'Hull1'."", ""data"": [{""typeName"": ""UnityEngine.Transform"", ""instanceID"": -1256, ""position"": {""x"": 0.0, ""y"": 0.0, ""z"": 0.0}, ""localPosition"": {""x"": 0.0, ""y"": 0.0, ""z"": 0.0}, ""eulerAngles"": {""x"": 0.0, ""y"": 0.0, ""z"": 0.0}, ""localEulerAngles"": {""x"": 0.0, ""y"": 0.0, ""z"": 0.0}, ""localScale"": {""x"": 1.0, ""y"": 1.0, ""z"": 1.0}, ""right"": {""x"": 1.0, ""y"": 0.0, ""z"": 0.0}, ""up"": {""x"": 0.0, ""y"": 1.0, ""z"": 0.0}, ""forward"": {""x"": 0.0, ""y"": 0.0, ""z"": 1.0}, ""parentInstanceID"": -1250, ""rootInstanceID"": -1250, ""childCount"": 0, ""name"": ""Hull1"", ""tag"": ""Untagged"", ""gameObjectInstanceID"": -1254}, {""typeName"": ""UnityEngine.MeshFilter"", ""instanceID"": -1258, ""properties"": {""sharedMesh"": {""name"": ""Hull1 Instance"", ""instanceID"": 42386}, ""mesh"": {""name"": ""Hull1 Instance Instance"", ""instanceID"": -3304}, ""gameObject"": {""name"": ""Hull1"", ""instanceID"": -1254}, ""tag"": ""Untagged"", ""name"": ""Hull1"", ""hideFlags"": 0}}, {""typeName"": ""UnityEngine.MeshRenderer"", ""instanceID"": -1260, ""properties"": {""additionalVertexStreams"": null, ""enlightenVertexStream"": null, ""subMeshStartIndex"": 0, ""scaleInLightmap"": 1.0, ""receiveGI"": 1, ""stitchLightmapSeams"": true, ""lightmapTilingOffset"": {""x"": 0.0, ""y"": 0.0, ""z"": 0.0, ""w"": 0.0, ""magnitude"": 0.0, ""sqrMagnitude"": 0.0}, ""lightProbeAnchor"": null, ""castShadows"": true, ""motionVectors"": true, ""useLightProbes"": true, ""bounds"": {""center"": {""x"": 0.7275310158729553, ""y"": 0.6070616841316223, ""z"": -0.1319998949766159}, ""size"": {""x"": 5.620398044586182, ""y"": 1.075757384300232, ""z"": 2.961029529571533}}, ""localBounds"": {""center"": {""x"": 36.37655258178711, ""y"": 30.353084564208984, ""z"": -6.599994659423828}, ""size"": {""x"": 281.0198974609375, ""y"": 53.787872314453125, ""z"": 148.05148315429688}}, ""enabled"": true, ""isVisible"": true, ""shadowCastingMode"": 1, ""receiveShadows"": true, ""forceRenderingOff"": false, ""staticShadowCaster"": false, ""motionVectorGenerationMode"": 1, ""lightProbeUsage"": 1, ""reflectionProbeUsage"": 1, ""renderingLayerMask"": 1, ""rendererPriority"": 0, ""rayTracingMode"": 2, ""rayTracingAccelerationStructureBuildFlags"": 1, ""rayTracingAccelerationStructureBuildFlagsOverride"": false, ""sortingLayerName"": ""Default"", ""sortingLayerID"": 0, ""sortingOrder"": 0, ""isLOD0"": true, ""allowOcclusionWhenDynamic"": true, ""isPartOfStaticBatch"": false, ""lightProbeProxyVolumeOverride"": null, ""probeAnchor"": null, ""lightmapIndex"": -1, ""realtimeLightmapIndex"": -1, ""lightmapScaleOffset"": {""x"": 1.0, ""y"": 1.0, ""z"": 0.0, ""w"": 0.0, ""normalized"": {""x"": 0.7071067690849304, ""y"": 0.7071067690849304, ""z"": 0.0, ""w"": 0.0, ""normalized"": {""x"": 0.7071068286895752, ""y"": 0.7071068286895752, ""z"": 0.0, ""w"": 0.0, ""magnitude"": 1.0, ""sqrMagnitude"": 1.0000001192092896}, ""magnitude"": 0.9999999403953552, ""sqrMagnitude"": 0.9999999403953552}, ""magnitude"": 1.4142135381698608, ""sqrMagnitude"": 2.0}, ""realtimeLightmapScaleOffset"": {""x"": 1.0, ""y"": 1.0, ""z"": 0.0, ""w"": 0.0, ""normalized"": {""x"": 0.7071067690849304, ""y"": 0.7071067690849304, ""z"": 0.0, ""w"": 0.0, ""normalized"": {""x"": 0.7071068286895752, ""y"": 0.7071068286895752, ""z"": 0.0, ""w"": 0.0, ""magnitude"": 1.0, ""sqrMagnitude"": 1.0000001192092896}, ""magnitude"": 0.9999999403953552, ""sqrMagnitude"": 0.9999999403953552}, ""magnitude"": 1.4142135381698608, ""sqrMagnitude"": 2.0}, ""materials"": [{""name"": ""Hull1Mat (Instance) (Instance) (Instance)"", ""instanceID"": -3302}], ""material"": {""name"": ""Hull1Mat (Instance) (Instance) (Instance)"", ""instanceID"": -3302}, ""sharedMaterial"": {""name"": ""Hull1Mat (Instance) (Instance) (Instance)"", ""instanceID"": -3302}, ""sharedMaterials"": [{""name"": ""Hull1Mat (Instance) (Instance) (Instance)"", ""instanceID"": -3302}], ""LODGroup"": null, ""gameObject"": {""name"": ""Hull1"", ""instanceID"": -1254}, ""tag"": ""Untagged"", ""name"": ""Hull1"", ""hideFlags"": 0}}]}",1
"{""name"": ""manage_asset"", ""args"": {""asset_type"": ""Material"", ""path"": ""Assets/Materials/Hull1Mat (Instance) (Instance) (Instance).mat"", ""action"": ""get_info""}}","{""success"": false, ""error"": ""Asset not found at path: Assets/Materials/Hull1Mat (Instance) (Instance) (Instance).mat""}",0
"{""name"": ""manage_asset"", ""args"": {""path"": ""/"", ""search_pattern"": ""*Hull1Mat*"", ""filter_type"": ""Material"", ""action"": ""search""}}","{""success"": true, ""message"": ""Found 1 asset(s). Returning page 1 (1 assets)."", ""data"": {""totalAssets"": 1, ""pageSize"": 50, ""pageNumber"": 1, ""assets"": [{""path"": ""Assets/Hull1Mat.mat"", ""guid"": ""5fb52dcc553744054b25b7423f216209"", ""assetType"": ""UnityEngine.Material"", ""name"": ""Hull1Mat"", ""fileName"": ""Hull1Mat.mat"", ""isFolder"": false, ""instanceID"": 42306, ""lastWriteTimeUtc"": ""2025-08-23T15:16:42.6981740Z"", ""previewBase64"": null, ""previewWidth"": 0, ""previewHeight"": 0}]}}",1
"{""name"": ""manage_asset"", ""args"": {""path"": ""Assets/Hull1Mat.mat"", ""action"": ""get_info""}}","{""success"": true, ""message"": ""Asset info retrieved."", ""data"": {""path"": ""Assets/Hull1Mat.mat"", ""guid"": ""5fb52dcc553744054b25b7423f216209"", ""assetType"": ""UnityEngine.Material"", ""name"": ""Hull1Mat"", ""fileName"": ""Hull1Mat.mat"", ""isFolder"": false, ""instanceID"": 42306, ""lastWriteTimeUtc"": ""2025-08-23T15:16:42.6981740Z"", ""previewBase64"": null, ""previewWidth"": 0, ""previewHeight"": 0}}",1
"{""name"": ""manage_asset"", ""args"": {""path"": ""Assets/Hull1Mat.mat"", ""properties"": {""_EmissionColor"": [0.5, 0.0, 0.0, 1.0]}, ""action"": ""modify""}}","{""success"": true, ""message"": ""No applicable or modifiable properties found for asset 'Assets/Hull1Mat.mat'. Check component names, property names, and values."", ""data"": {""path"": ""Assets/Hull1Mat.mat"", ""guid"": ""5fb52dcc553744054b25b7423f216209"", ""assetType"": ""UnityEngine.Material"", ""name"": ""Hull1Mat"", ""fileName"": ""Hull1Mat.mat"", ""isFolder"": false, ""instanceID"": 42306, ""lastWriteTimeUtc"": ""2025-08-23T15:16:42.6981740Z"", ""previewBase64"": null, ""previewWidth"": 0, ""previewHeight"": 0}}",1
"{""name"": ""manage_gameobject"", ""args"": {""search_method"": ""by_name"", ""target"": ""Hull1"", ""includeNonPublicSerialized"": true, ""component_name"": ""MeshRenderer"", ""action"": ""get_components""}}","{""success"": true, ""message"": ""Retrieved 3 components from 'Hull1'."", ""data"": [{""typeName"": ""UnityEngine.Transform"", ""instanceID"": -1256, ""position"": {""x"": 0.0, ""y"": 0.0, ""z"": 0.0}, ""localPosition"": {""x"": 0.0, ""y"": 0.0, ""z"": 0.0}, ""eulerAngles"": {""x"": 0.0, ""y"": 0.0, ""z"": 0.0}, ""localEulerAngles"": {""x"": 0.0, ""y"": 0.0, ""z"": 0.0}, ""localScale"": {""x"": 1.0, ""y"": 1.0, ""z"": 1.0}, ""right"": {""x"": 1.0, ""y"": 0.0, ""z"": 0.0}, ""up"": {""x"": 0.0, ""y"": 1.0, ""z"": 0.0}, ""forward"": {""x"": 0.0, ""y"": 0.0, ""z"": 1.0}, ""parentInstanceID"": -1250, ""rootInstanceID"": -1250, ""childCount"": 0, ""name"": ""Hull1"", ""tag"": ""Untagged"", ""gameObjectInstanceID"": -1254}, {""typeName"": ""UnityEngine.MeshFilter"", ""instanceID"": -1258, ""properties"": {""sharedMesh"": {""name"": ""Hull1 Instance Instance"", ""instanceID"": -3304}, ""mesh"": {""name"": ""Hull1 Instance Instance"", ""instanceID"": -3304}, ""gameObject"": {""name"": ""Hull1"", ""instanceID"": -1254}, ""tag"": ""Untagged"", ""name"": ""Hull1"", ""hideFlags"": 0}}, {""typeName"": ""UnityEngine.MeshRenderer"", ""instanceID"": -1260, ""properties"": {""additionalVertexStreams"": null, ""enlightenVertexStream"": null, ""subMeshStartIndex"": 0, ""scaleInLightmap"": 1.0, ""receiveGI"": 1, ""stitchLightmapSeams"": true, ""lightmapTilingOffset"": {""x"": 0.0, ""y"": 0.0, ""z"": 0.0, ""w"": 0.0, ""magnitude"": 0.0, ""sqrMagnitude"": 0.0}, ""lightProbeAnchor"": null, ""castShadows"": true, ""motionVectors"": true, ""useLightProbes"": true, ""bounds"": {""center"": {""x"": 0.7275310158729553, ""y"": 0.6070616841316223, ""z"": -0.1319998949766159}, ""size"": {""x"": 5.620398044586182, ""y"": 1.075757384300232, ""z"": 2.961029529571533}}, ""localBounds"": {""center"": {""x"": 36.37655258178711, ""y"": 30.353084564208984, ""z"": -6.599994659423828}, ""size"": {""x"": 281.0198974609375, ""y"": 53.787872314453125, ""z"": 148.05148315429688}}, ""enabled"": true, ""isVisible"": true, ""shadowCastingMode"": 1, ""receiveShadows"": true, ""forceRenderingOff"": false, ""staticShadowCaster"": false, ""motionVectorGenerationMode"": 1, ""lightProbeUsage"": 1, ""reflectionProbeUsage"": 1, ""renderingLayerMask"": 1, ""rendererPriority"": 0, ""rayTracingMode"": 2, ""rayTracingAccelerationStructureBuildFlags"": 1, ""rayTracingAccelerationStructureBuildFlagsOverride"": false, ""sortingLayerName"": ""Default"", ""sortingLayerID"": 0, ""sortingOrder"": 0, ""isLOD0"": true, ""allowOcclusionWhenDynamic"": true, ""isPartOfStaticBatch"": false, ""lightProbeProxyVolumeOverride"": null, ""probeAnchor"": null, ""lightmapIndex"": -1, ""realtimeLightmapIndex"": -1, ""lightmapScaleOffset"": {""x"": 1.0, ""y"": 1.0, ""z"": 0.0, ""w"": 0.0, ""normalized"": {""x"": 0.7071067690849304, ""y"": 0.7071067690849304, ""z"": 0.0, ""w"": 0.0, ""normalized"": {""x"": 0.7071068286895752, ""y"": 0.7071068286895752, ""z"": 0.0, ""w"": 0.0, ""magnitude"": 1.0, ""sqrMagnitude"": 1.0000001192092896}, ""magnitude"": 0.9999999403953552, ""sqrMagnitude"": 0.9999999403953552}, ""magnitude"": 1.4142135381698608, ""sqrMagnitude"": 2.0}, ""realtimeLightmapScaleOffset"": {""x"": 1.0, ""y"": 1.0, ""z"": 0.0, ""w"": 0.0, ""normalized"": {""x"": 0.7071067690849304, ""y"": 0.7071067690849304, ""z"": 0.0, ""w"": 0.0, ""normalized"": {""x"": 0.7071068286895752, ""y"": 0.7071068286895752, ""z"": 0.0, ""w"": 0.0, ""magnitude"": 1.0, ""sqrMagnitude"": 1.0000001192092896}, ""magnitude"": 0.9999999403953552, ""sqrMagnitude"": 0.9999999403953552}, ""magnitude"": 1.4142135381698608, ""sqrMagnitude"": 2.0}, ""materials"": [{""name"": ""Hull1Mat (Instance) (Instance) (Instance)"", ""instanceID"": -3302}], ""material"": {""name"": ""Hull1Mat (Instance) (Instance) (Instance)"", ""instanceID"": -3302}, ""sharedMaterial"": {""name"": ""Hull1Mat (Instance) (Instance) (Instance)"", ""instanceID"": -3302}, ""sharedMaterials"": [{""name"": ""Hull1Mat (Instance) (Instance) (Instance)"", ""instanceID"": -3302}], ""LODGroup"": null, ""gameObject"": {""name"": ""Hull1"", ""instanceID"": -1254}, ""tag"": ""Untagged"", ""name"": ""Hull1"", ""hideFlags"": 0}}]}",1
"{""name"": ""manage_gameobject"", ""args"": {""target"": ""Hull1"", ""search_method"": ""by_name"", ""component_properties"": {""sharedMaterial._EmissionColor"": [0.5, 0.0, 0.0, 1.0]}, ""component_name"": ""MeshRenderer"", ""action"": ""set_component_property""}}","Error executing tool manage_gameobject: 1 validation error for manage_gameobjectArguments
component_properties.`sharedMaterial._EmissionColor`
  Input should be a valid dictionary [type=dict_type, input_value=[0.5, 0.0, 0.0, 1.0], input_type=list]
    For further information visit https://errors.pydantic.dev/2.8/v/dict_type",0
"{""name"": ""manage_gameobject"", ""args"": {""target"": ""Hull1"", ""search_method"": ""by_name"", ""action"": ""set_component_property"", ""component_properties"": {""MeshRenderer"": {""sharedMaterial._EmissionColor"": [0.5, 0.0, 0.0, 1.0]}}}}","{""success"": false, ""message"": ""'componentName' parameter is required.""}",0
"{""name"": ""manage_gameobject"", ""args"": {""target"": ""Hull1"", ""search_method"": ""by_name"", ""component_properties"": {""sharedMaterial._EmissionColor"": {""r"": 0.5, ""a"": 1.0, ""b"": 0.0, ""g"": 0.0}}, ""component_name"": ""MeshRenderer"", ""action"": ""set_component_property""}}","{""success"": true, ""message"": ""Properties set for component 'MeshRenderer' on 'Hull1'."", ""data"": {""name"": ""Hull1"", ""instanceID"": -1254, ""tag"": ""Untagged"", ""layer"": 0, ""activeSelf"": true, ""activeInHierarchy"": true, ""isStatic"": false, ""scenePath"": ""Assets/Scenes/SampleScene.unity"", ""transform"": {""position"": {""x"": 0.0, ""y"": 0.0, ""z"": 0.0}, ""localPosition"": {""x"": 0.0, ""y"": 0.0, ""z"": 0.0}, ""rotation"": {""x"": 0.0, ""y"": 0.0, ""z"": 0.0}, ""localRotation"": {""x"": 0.0, ""y"": 0.0, ""z"": 0.0}, ""scale"": {""x"": 1.0, ""y"": 1.0, ""z"": 1.0}, ""forward"": {""x"": 0.0, ""y"": 0.0, ""z"": 1.0}, ""up"": {""x"": 0.0, ""y"": 1.0, ""z"": 0.0}, ""right"": {""x"": 1.0, ""y"": 0.0, ""z"": 0.0}}, ""parentInstanceID"": -1250, ""componentNames"": [""UnityEngine.Transform"", ""UnityEngine.MeshFilter"", ""UnityEngine.MeshRenderer""]}}",1
"{""name"": ""manage_gameobject"", ""args"": {""search_method"": ""by_name"", ""target"": ""Turret1"", ""component_properties"": {""sharedMaterial._EmissionColor"": {""r"": 0.5, ""a"": 1.0, ""b"": 0.0, ""g"": 0.0}}, ""component_name"": ""MeshRenderer"", ""action"": ""set_component_property""}}","{""success"": true, ""message"": ""Properties set for component 'MeshRenderer' on 'Turret1'."", ""data"": {""name"": ""Turret1"", ""instanceID"": -1302, ""tag"": ""Untagged"", ""layer"": 0, ""activeSelf"": true, ""activeInHierarchy"": true, ""isStatic"": false, ""scenePath"": ""Assets/Scenes/SampleScene.unity"", ""transform"": {""position"": {""x"": 0.0, ""y"": 0.0, ""z"": 0.0}, ""localPosition"": {""x"": 0.0, ""y"": 0.0, ""z"": 0.0}, ""rotation"": {""x"": 0.0, ""y"": 0.0, ""z"": 0.0}, ""localRotation"": {""x"": 0.0, ""y"": 0.0, ""z"": 0.0}, ""scale"": {""x"": 1.0, ""y"": 1.0, ""z"": 1.0}, ""forward"": {""x"": 0.0, ""y"": 0.0, ""z"": 1.0}, ""up"": {""x"": 0.0, ""y"": 1.0, ""z"": 0.0}, ""right"": {""x"": 1.0, ""y"": 0.0, ""z"": 0.0}}, ""parentInstanceID"": -1250, ""componentNames"": [""UnityEngine.Transform"", ""UnityEngine.MeshFilter"", ""UnityEngine.MeshRenderer""]}}",1
"{""name"": ""manage_gameobject"", ""args"": {""search_method"": ""by_name"", ""target"": ""Barrel1"", ""component_properties"": {""sharedMaterial._EmissionColor"": {""r"": 0.5, ""a"": 1.0, ""b"": 0.0, ""g"": 0.0}}, ""component_name"": ""MeshRenderer"", ""action"": ""set_component_property""}}","{""success"": false, ""message"": ""Target GameObject ('Barrel1') not found using method 'by_name'.""}",0
"{""name"": ""manage_gameobject"", ""args"": {""target"": ""Mg"", ""component_properties"": {""sharedMaterial._EmissionColor"": {""r"": 0.5, ""a"": 1.0, ""b"": 0.0, ""g"": 0.0}}, ""search_method"": ""by_name"", ""component_name"": ""MeshRenderer"", ""action"": ""set_component_property""}}","{""success"": true, ""message"": ""Properties set for component 'MeshRenderer' on 'Mg'."", ""data"": {""name"": ""Mg"", ""instanceID"": -1270, ""tag"": ""Untagged"", ""layer"": 0, ""activeSelf"": true, ""activeInHierarchy"": true, ""isStatic"": false, ""scenePath"": ""Assets/Scenes/SampleScene.unity"", ""transform"": {""position"": {""x"": 0.0, ""y"": 0.0, ""z"": 0.0}, ""localPosition"": {""x"": 0.0, ""y"": 0.0, ""z"": 0.0}, ""rotation"": {""x"": 0.0, ""y"": 0.0, ""z"": 0.0}, ""localRotation"": {""x"": 0.0, ""y"": 0.0, ""z"": 0.0}, ""scale"": {""x"": 1.0, ""y"": 1.0, ""z"": 1.0}, ""forward"": {""x"": 0.0, ""y"": 0.0, ""z"": 1.0}, ""up"": {""x"": 0.0, ""y"": 1.0, ""z"": 0.0}, ""right"": {""x"": 1.0, ""y"": 0.0, ""z"": 0.0}}, ""parentInstanceID"": -1250, ""componentNames"": [""UnityEngine.Transform"", ""UnityEngine.MeshFilter"", ""UnityEngine.MeshRenderer""]}}",1
"{""name"": ""manage_gameobject"", ""args"": {""find_all"": true, ""search_term"": ""T72"", ""search_in_children"": true, ""action"": ""find""}}","{""success"": true, ""message"": ""Found 1 GameObject(s)."", ""data"": [{""name"": ""T72"", ""instanceID"": -1250, ""tag"": ""Untagged"", ""layer"": 0, ""activeSelf"": true, ""activeInHierarchy"": true, ""isStatic"": false, ""scenePath"": ""Assets/Scenes/SampleScene.unity"", ""transform"": {""position"": {""x"": 0.0, ""y"": 0.0, ""z"": 0.0}, ""localPosition"": {""x"": 0.0, ""y"": 0.0, ""z"": 0.0}, ""rotation"": {""x"": 0.0, ""y"": 0.0, ""z"": 0.0}, ""localRotation"": {""x"": 0.0, ""y"": 0.0, ""z"": 0.0}, ""scale"": {""x"": 0.02, ""y"": 0.02, ""z"": 0.02}, ""forward"": {""x"": 0.0, ""y"": 0.0, ""z"": 1.0}, ""up"": {""x"": 0.0, ""y"": 1.0, ""z"": 0.0}, ""right"": {""x"": 1.0, ""y"": 0.0, ""z"": 0.0}}, ""parentInstanceID"": 0, ""componentNames"": [""UnityEngine.Transform""]}]}",1
"{""name"": ""manage_gameobject"", ""args"": {""find_all"": true, ""search_method"": ""by_name"", ""includeNonPublicSerialized"": true, ""search_in_children"": true, ""target"": ""T72"", ""component_name"": ""MeshRenderer"", ""action"": ""find""}}","{""success"": true, ""message"": ""Found 1 GameObject(s)."", ""data"": [{""name"": ""T72"", ""instanceID"": -1250, ""tag"": ""Untagged"", ""layer"": 0, ""activeSelf"": true, ""activeInHierarchy"": true, ""isStatic"": false, ""scenePath"": ""Assets/Scenes/SampleScene.unity"", ""transform"": {""position"": {""x"": 0.0, ""y"": 0.0, ""z"": 0.0}, ""localPosition"": {""x"": 0.0, ""y"": 0.0, ""z"": 0.0}, ""rotation"": {""x"": 0.0, ""y"": 0.0, ""z"": 0.0}, ""localRotation"": {""x"": 0.0, ""y"": 0.0, ""z"": 0.0}, ""scale"": {""x"": 0.02, ""y"": 0.02, ""z"": 0.02}, ""forward"": {""x"": 0.0, ""y"": 0.0, ""z"": 1.0}, ""up"": {""x"": 0.0, ""y"": 1.0, ""z"": 0.0}, ""right"": {""x"": 1.0, ""y"": 0.0, ""z"": 0.0}}, ""parentInstanceID"": 0, ""componentNames"": [""UnityEngine.Transform""]}]}",1
"{""name"": ""manage_gameobject"", ""args"": {""search_method"": ""by_name"", ""find_all"": true, ""includeNonPublicSerialized"": true, ""search_in_children"": true, ""target"": ""T72"", ""component_name"": ""MeshRenderer"", ""action"": ""find""}}","{""success"": true, ""message"": ""Found 1 GameObject(s)."", ""data"": [{""name"": ""T72"", ""instanceID"": -1250, ""tag"": ""Untagged"", ""layer"": 0, ""activeSelf"": true, ""activeInHierarchy"": true, ""isStatic"": false, ""scenePath"": ""Assets/Scenes/SampleScene.unity"", ""transform"": {""position"": {""x"": 0.0, ""y"": 0.0, ""z"": 0.0}, ""localPosition"": {""x"": 0.0, ""y"": 0.0, ""z"": 0.0}, ""rotation"": {""x"": 0.0, ""y"": 0.0, ""z"": 0.0}, ""localRotation"": {""x"": 0.0, ""y"": 0.0, ""z"": 0.0}, ""scale"": {""x"": 0.02, ""y"": 0.02, ""z"": 0.02}, ""forward"": {""x"": 0.0, ""y"": 0.0, ""z"": 1.0}, ""up"": {""x"": 0.0, ""y"": 1.0, ""z"": 0.0}, ""right"": {""x"": 1.0, ""y"": 0.0, ""z"": 0.0}}, ""parentInstanceID"": 0, ""componentNames"": [""UnityEngine.Transform""]}]}",1
"{""name"": ""manage_gameobject"", ""args"": {""search_method"": ""by_name"", ""target"": ""T72"", ""includeNonPublicSerialized"": true, ""search_in_children"": true, ""component_name"": ""MeshRenderer"", ""action"": ""find""}}","{""success"": true, ""message"": ""Found 1 GameObject(s)."", ""data"": [{""name"": ""T72"", ""instanceID"": -1250, ""tag"": ""Untagged"", ""layer"": 0, ""activeSelf"": true, ""activeInHierarchy"": true, ""isStatic"": false, ""scenePath"": ""Assets/Scenes/SampleScene.unity"", ""transform"": {""position"": {""x"": 0.0, ""y"": 0.0, ""z"": 0.0}, ""localPosition"": {""x"": 0.0, ""y"": 0.0, ""z"": 0.0}, ""rotation"": {""x"": 0.0, ""y"": 0.0, ""z"": 0.0}, ""localRotation"": {""x"": 0.0, ""y"": 0.0, ""z"": 0.0}, ""scale"": {""x"": 0.02, ""y"": 0.02, ""z"": 0.02}, ""forward"": {""x"": 0.0, ""y"": 0.0, ""z"": 1.0}, ""up"": {""x"": 0.0, ""y"": 1.0, ""z"": 0.0}, ""right"": {""x"": 1.0, ""y"": 0.0, ""z"": 0.0}}, ""parentInstanceID"": 0, ""componentNames"": [""UnityEngine.Transform""]}]}",1
"{""name"": ""manage_gameobject"", ""args"": {""target"": ""Hull1"", ""search_method"": ""by_name"", ""includeNonPublicSerialized"": true, ""component_name"": ""MeshRenderer"", ""action"": ""get_components""}}","{""success"": true, ""message"": ""Retrieved 3 components from 'Hull1'."", ""data"": [{""typeName"": ""UnityEngine.Transform"", ""instanceID"": -1256, ""position"": {""x"": 0.0, ""y"": 0.0, ""z"": 0.0}, ""localPosition"": {""x"": 0.0, ""y"": 0.0, ""z"": 0.0}, ""eulerAngles"": {""x"": 0.0, ""y"": 0.0, ""z"": 0.0}, ""localEulerAngles"": {""x"": 0.0, ""y"": 0.0, ""z"": 0.0}, ""localScale"": {""x"": 1.0, ""y"": 1.0, ""z"": 1.0}, ""right"": {""x"": 1.0, ""y"": 0.0, ""z"": 0.0}, ""up"": {""x"": 0.0, ""y"": 1.0, ""z"": 0.0}, ""forward"": {""x"": 0.0, ""y"": 0.0, ""z"": 1.0}, ""parentInstanceID"": -1250, ""rootInstanceID"": -1250, ""childCount"": 0, ""name"": ""Hull1"", ""tag"": ""Untagged"", ""gameObjectInstanceID"": -1254}, {""typeName"": ""UnityEngine.MeshFilter"", ""instanceID"": -1258, ""properties"": {""sharedMesh"": {""name"": ""Hull1 Instance Instance"", ""instanceID"": -3304}, ""mesh"": {""name"": ""Hull1 Instance Instance Instance"", ""instanceID"": -7172}, ""gameObject"": {""name"": ""Hull1"", ""instanceID"": -1254}, ""tag"": ""Untagged"", ""name"": ""Hull1"", ""hideFlags"": 0}}, {""typeName"": ""UnityEngine.MeshRenderer"", ""instanceID"": -1260, ""properties"": {""additionalVertexStreams"": null, ""enlightenVertexStream"": null, ""subMeshStartIndex"": 0, ""scaleInLightmap"": 1.0, ""receiveGI"": 1, ""stitchLightmapSeams"": true, ""lightmapTilingOffset"": {""x"": 0.0, ""y"": 0.0, ""z"": 0.0, ""w"": 0.0, ""magnitude"": 0.0, ""sqrMagnitude"": 0.0}, ""lightProbeAnchor"": null, ""castShadows"": true, ""motionVectors"": true, ""useLightProbes"": true, ""bounds"": {""center"": {""x"": 0.7275310158729553, ""y"": 0.6070616841316223, ""z"": -0.1319998949766159}, ""size"": {""x"": 5.620398044586182, ""y"": 1.075757384300232, ""z"": 2.961029529571533}}, ""localBounds"": {""center"": {""x"": 36.37655258178711, ""y"": 30.353084564208984, ""z"": -6.599994659423828}, ""size"": {""x"": 281.0198974609375, ""y"": 53.787872314453125, ""z"": 148.05148315429688}}, ""enabled"": true, ""isVisible"": true, ""shadowCastingMode"": 1, ""receiveShadows"": true, ""forceRenderingOff"": false, ""staticShadowCaster"": false, ""motionVectorGenerationMode"": 1, ""lightProbeUsage"": 1, ""reflectionProbeUsage"": 1, ""renderingLayerMask"": 1, ""rendererPriority"": 0, ""rayTracingMode"": 2, ""rayTracingAccelerationStructureBuildFlags"": 1, ""rayTracingAccelerationStructureBuildFlagsOverride"": false, ""sortingLayerName"": ""Default"", ""sortingLayerID"": 0, ""sortingOrder"": 0, ""isLOD0"": true, ""allowOcclusionWhenDynamic"": true, ""isPartOfStaticBatch"": false, ""lightProbeProxyVolumeOverride"": null, ""probeAnchor"": null, ""lightmapIndex"": -1, ""realtimeLightmapIndex"": -1, ""lightmapScaleOffset"": {""x"": 1.0, ""y"": 1.0, ""z"": 0.0, ""w"": 0.0, ""normalized"": {""x"": 0.7071067690849304, ""y"": 0.7071067690849304, ""z"": 0.0, ""w"": 0.0, ""normalized"": {""x"": 0.7071068286895752, ""y"": 0.7071068286895752, ""z"": 0.0, ""w"": 0.0, ""magnitude"": 1.0, ""sqrMagnitude"": 1.0000001192092896}, ""magnitude"": 0.9999999403953552, ""sqrMagnitude"": 0.9999999403953552}, ""magnitude"": 1.4142135381698608, ""sqrMagnitude"": 2.0}, ""realtimeLightmapScaleOffset"": {""x"": 1.0, ""y"": 1.0, ""z"": 0.0, ""w"": 0.0, ""normalized"": {""x"": 0.7071067690849304, ""y"": 0.7071067690849304, ""z"": 0.0, ""w"": 0.0, ""normalized"": {""x"": 0.7071068286895752, ""y"": 0.7071068286895752, ""z"": 0.0, ""w"": 0.0, ""magnitude"": 1.0, ""sqrMagnitude"": 1.0000001192092896}, ""magnitude"": 0.9999999403953552, ""sqrMagnitude"": 0.9999999403953552}, ""magnitude"": 1.4142135381698608, ""sqrMagnitude"": 2.0}, ""materials"": [{""name"": ""Hull1Mat (Instance) (Instance) (Instance) (Instance)"", ""instanceID"": -7170}], ""material"": {""name"": ""Hull1Mat (Instance) (Instance) (Instance) (Instance)"", ""instanceID"": -7170}, ""sharedMaterial"": {""name"": ""Hull1Mat (Instance) (Instance) (Instance) (Instance)"", ""instanceID"": -7170}, ""sharedMaterials"": [{""name"": ""Hull1Mat (Instance) (Instance) (Instance) (Instance)"", ""instanceID"": -7170}], ""LODGroup"": null, ""gameObject"": {""name"": ""Hull1"", ""instanceID"": -1254}, ""tag"": ""Untagged"", ""name"": ""Hull1"", ""hideFlags"": 0}}]}",1
"{""name"": ""manage_asset"", ""args"": {""path"": ""Assets/Materials/Hull1Mat (Instance) (Instance) (Instance) (Instance).mat"", ""properties"": {""_EmissionColor"": [1.0, 0.0, 0.0, 1.0], ""_EMISSION"": 1.0}, ""action"": ""modify""}}","{""success"": false, ""error"": ""Asset not found at path: Assets/Materials/Hull1Mat (Instance) (Instance) (Instance) (Instance).mat""}",0
"{""name"": ""manage_gameobject"", ""args"": {""target"": ""Hull1"", ""component_properties"": {""MeshRenderer"": {""sharedMaterial._EmissionColor"": [10.0, 0.0, 0.0, 1.0], ""sharedMaterial._ALBEDO"": [0.0, 0.0, 0.0, 1.0]}}, ""search_method"": ""by_name"", ""action"": ""modify""}}","{""success"": true, ""message"": ""GameObject 'Hull1' modified successfully."", ""data"": {""name"": ""Hull1"", ""instanceID"": -1254, ""tag"": ""Untagged"", ""layer"": 0, ""activeSelf"": true, ""activeInHierarchy"": true, ""isStatic"": false, ""scenePath"": ""Assets/Scenes/SampleScene.unity"", ""transform"": {""position"": {""x"": 0.0, ""y"": 0.0, ""z"": 0.0}, ""localPosition"": {""x"": 0.0, ""y"": 0.0, ""z"": 0.0}, ""rotation"": {""x"": 0.0, ""y"": 0.0, ""z"": 0.0}, ""localRotation"": {""x"": 0.0, ""y"": 0.0, ""z"": 0.0}, ""scale"": {""x"": 1.0, ""y"": 1.0, ""z"": 1.0}, ""forward"": {""x"": 0.0, ""y"": 0.0, ""z"": 1.0}, ""up"": {""x"": 0.0, ""y"": 1.0, ""z"": 0.0}, ""right"": {""x"": 1.0, ""y"": 0.0, ""z"": 0.0}}, ""parentInstanceID"": -1250, ""componentNames"": [""UnityEngine.Transform"", ""UnityEngine.MeshFilter"", ""UnityEngine.MeshRenderer""]}}",1
"{""name"": ""manage_script"", ""args"": {""namespace"": """", ""name"": ""MaterialPropertyReader"", ""path"": ""/"", ""contents"": ""\nusing UnityEngine;\n\npublic class MaterialPropertyReader : MonoBehaviour\n{\n    public string targetGameObject = \""Cube\""; // Name of the GameObject to inspect\n\n    void Start()\n    {\n        GameObject obj = GameObject.Find(targetGameObject);\n        if (obj != null)\n        {\n            MeshRenderer renderer = obj.GetComponent<MeshRenderer>();\n            if (renderer != null)\n            {\n                Material material = renderer.sharedMaterial;\n                if (material != null)\n                {\n                    Debug.Log($\""Material Name: {material.name}\"");\n\n                    // Get Albedo Color (Base Color in URP Lit Shader)\n                    if (material.HasProperty(\""_BaseColor\""))\n                    {\n                        Color albedoColor = material.GetColor(\""_BaseColor\"");\n                        Debug.Log($\""Albedo Color: R={albedoColor.r}, G={albedoColor.g}, B={albedoColor.b}, A={albedoColor.a}\"");\n                    }\n                    else\n                    {\n                        Debug.Log(\""Material does not have _BaseColor property.\"");\n                    }\n\n                    // Get Emission Color\n                    if (material.HasProperty(\""_EmissionColor\""))\n                    {\n                        Color emissionColor = material.GetColor(\""_EmissionColor\"");\n                        Debug.Log($\""Emission Color: R={emissionColor.r}, G={emissionColor.g}, B={emissionColor.b}, A={emissionColor.a}\"");\n                    }\n                    else\n                    {\n                        Debug.Log(\""Material does not have _EmissionColor property.\"");\n                    }\n\n                    // Get other common properties for URP Lit Shader\n                    if (material.HasProperty(\""_Smoothness\""))\n                    {\n                        float smoothness = material.GetFloat(\""_Smoothness\"");\n                        Debug.Log($\""Smoothness: {smoothness}\"");\n                    }\n                    if (material.HasProperty(\""_Metallic\""))\n                    {\n                        float metallic = material.GetFloat(\""_Metallic\"");\n                        Debug.Log($\""Metallic: {metallic}\"");\n                    }\n                    if (material.HasProperty(\""_BumpScale\""))\n                    {\n                        float normalScale = material.GetFloat(\""_BumpScale\"");\n                        Debug.Log($\""Normal Map Scale: {normalScale}\"");\n                    }\n                    if (material.HasProperty(\""_OcclusionStrength\""))\n                    {\n                        float occlusionStrength = material.GetFloat(\""_OcclusionStrength\"");\n                        Debug.Log($\""Occlusion Strength: {occlusionStrength}\"");\n                    }\n                }\n                else\n                {\n                    Debug.LogError($\""GameObject '{targetGameObject}' has no material assigned to its MeshRenderer.\"");\n                }\n            }\n            else\n            {\n                Debug.LogError($\""GameObject '{targetGameObject}' has no MeshRenderer component.\"");\n            }\n        }\n        else\n        {\n            Debug.LogError($\""GameObject '{targetGameObject}' not found in the scene.\"");\n        }\n    }\n}\n"", ""script_type"": ""MonoBehaviour"", ""action"": ""create""}}","{""success"": true, ""message"": ""Script 'MaterialPropertyReader.cs' created successfully at 'Assets/Scripts/MaterialPropertyReader.cs'."", ""data"": {""path"": ""Assets/Scripts/MaterialPropertyReader.cs""}}",1
"{""name"": ""manage_script"", ""args"": {""namespace"": ""MaterialPropertyExtractor"", ""name"": ""MaterialPropertyExtractor"", ""path"": ""/"", ""contents"": ""\nusing UnityEngine;\n\nnamespace MaterialPropertyExtractor\n{\n    public class MaterialPropertyExtractor : MonoBehaviour\n    {\n        public GameObject targetGameObject;\n\n        void Start()\n        {\n            if (targetGameObject == null)\n            {\n                Debug.LogError(\""Target GameObject is not assigned.\"");\n                return;\n            }\n\n            MeshRenderer meshRenderer = targetGameObject.GetComponent<MeshRenderer>();\n            if (meshRenderer == null)\n            {\n                Debug.LogError(\""No MeshRenderer found on the target GameObject.\"");\n                return;\n            }\n\n            Material material = meshRenderer.sharedMaterial;\n            if (material == null)\n            {\n                Debug.LogError(\""No material found on the MeshRenderer.\"");\n                return;\n            }\n\n            Debug.Log($\""Material Name: {material.name}\"");\n            Debug.Log($\""Shader Name: {material.shader.name}\"");\n\n            // Get Albedo Color\n            if (material.HasProperty(\""_BaseColor\""))\n            {\n                Debug.Log($\""Albedo Color (BaseColor): {material.GetColor(\""_BaseColor\"")}\"");\n            }\n            else if (material.HasProperty(\""_Color\""))\n            {\n                Debug.Log($\""Albedo Color (Color): {material.GetColor(\""_Color\"")}\"");\n            }\n\n            // Get Emission Color\n            if (material.HasProperty(\""_EmissionColor\""))\n            {\n                Debug.Log($\""Emission Color: {material.GetColor(\""_EmissionColor\"")}\"");\n            }\n\n            // Get Smoothness/Glossiness\n            if (material.HasProperty(\""_Smoothness\""))\n            {\n                Debug.Log($\""Smoothness: {material.GetFloat(\""_Smoothness\"")}\"");\n            }\n            else if (material.HasProperty(\""_Glossiness\""))\n            {\n                Debug.Log($\""Glossiness: {material.GetFloat(\""_Glossiness\"")}\"");\n            }\n\n            // Get Metallic\n            if (material.HasProperty(\""_Metallic\""))\n            {\n                Debug.Log($\""Metallic: {material.GetFloat(\""_Metallic\"")}\"");\n            }\n\n            // Get Render Mode (e.g., Opaque, Cutout, Fade, Transparent)\n            if (material.HasProperty(\""_Surface\"")) // URP specific\n            {\n                Debug.Log($\""Surface Type (URP): {material.GetFloat(\""_Surface\"")}\"");\n            }\n            else if (material.HasProperty(\""_Mode\"")) // Standard shader specific\n            {\n                Debug.Log($\""Render Mode (Standard): {material.GetFloat(\""_Mode\"")}\"");\n            }\n\n            // You can add more properties as needed based on the shader\n            // For example, textures:\n            if (material.HasProperty(\""_BaseMap\""))\n            {\n                Texture albedoTexture = material.GetTexture(\""_BaseMap\"");\n                if (albedoTexture != null)\n                {\n                    Debug.Log($\""Albedo Texture (BaseMap): {albedoTexture.name}\"");\n                }\n            }\n            if (material.HasProperty(\""_EmissionMap\""))\n            {\n                Texture emissionTexture = material.GetTexture(\""_EmissionMap\"");\n                if (emissionTexture != null)\n                {\n                    Debug.Log($\""Emission Texture (EmissionMap): {emissionTexture.name}\"");\n                }\n            }\n        }\n    }\n}\n"", ""script_type"": ""MonoBehaviour"", ""action"": ""create""}}","{""success"": true, ""message"": ""Script 'MaterialPropertyExtractor.cs' created successfully at 'Assets/Scripts/MaterialPropertyExtractor.cs'."", ""data"": {""path"": ""Assets/Scripts/MaterialPropertyExtractor.cs""}}",1